case_id,true_outcome,original_case_text,summary
PMC10166222_01,Acute Sickle Cell Pain Episode|Leg Ulcer,"A 27-year-old female with a past medical history significant for sickle cell disease (SSD) with autosplenectomy and Crigler-Najjar syndrome status post cholecystectomy presented to the Emergency Department (ED) for acute sickle cell pain crisis. The patient endorsed bilateral arm, back, and leg pain and new-onset dyspnea on exertion for a 1-day duration. She denied chest pain.
As for her SSD history, the patient was previously treated with hydroxyurea; however, this medication was discontinued approximately 1-year prior secondary to the development of a right lower extremity ulcer. The patient was started on Voxelotor due to a chronic complaint of fatigue related to her anemia and has been compliant with Voxelotor 1.5 g oral daily. She develops sickle cell pain crises approximately twice yearly. Her baseline hemoglobin levels range from 9.0 to 10.0 g/dL.
In the ED, the patient was hemodynamically stable. She received hydromorphone, and intravenous fluids with normal saline, and was placed on supplemental oxygen. Laboratory studies were remarkable for anemia with levels consistent with the patient's baseline range [Table 1]. Chest X-ray (CXR) was negative for cardiopulmonary infiltrates. She was admitted to the medical floor for further management of her sickle cell crisis.
While on the hospital floors, the patient was managed with hydromorphone which was later transitioned to Oxycontin, maintenance fluids, and bedside incentive spirometry. Voxelotor was discontinued. On day 2 of admission, the patient had a significant decrease in her blood counts, with laboratory studies significant for bicytopenia (anemia and thrombocytopenia), worsening hemolysis, hyperkalemia, and worsening renal function [Table 1]. She was noted to have hypoxia with an oxygen saturation of 70% and therefore was initiated on oxygen supplementation with Venturi-Mask. Due to the aforementioned lab changes, clinical suspicion for thrombotic thrombocytopenic purpura (TTP) was suspected for which additional laboratory studies were sent which revealed an LDH of 2646 U/L. Over 4 schistocytes/HPF were visualized on peripheral blood smear [Fig. 1]. The calculated PLASMIC score was 4, consistent with an intermediate risk for severe ADAMTS13 deficiency. Critical care was consulted, the patient was transferred to the Medical Intensive Care Unit (MICU), a double-lumen Shiley central venous catheter (SCVC) was placed, and the patient received total plasma exchange therapy (TPE) with a few units of RBCs transfusion. The patient received high-dose intravenous methylprednisolone. Following TPE, ADAMTS13 level activity resulted at 64.9% (reference range: normal low >66.8%). Meanwhile, the patient responded well to plasma exchange transfusion, and platelets, creatinine and LDH improved and remained stable after 2 days of plasma exchange. The patient continued to improve and was subsequently discharged home. Home voxelotor was restarted however at a lower dose.","27-year-old female with sickle cell disease (SSD) (SS genotype, autosplenectomy, Crigler-Najjar syndrome, status post cholecystectomy) presented to ED with acute sickle cell pain crisis: bilateral arm, back, and leg pain and new-onset dyspnea on exertion for 1 day duration. Denied chest pain. Baseline hemoglobin 9.0–10.0 g/dL. Previously discontinued hydroxyurea 1 year prior due to right lower extremity ulcer; on Voxelotor 1.5 g daily for fatigue. History of 2 annual pain crises.  
ED: Hemodynamically stable. Received hydromorphone, IV normal saline, supplemental oxygen. Lab: Anemia consistent with baseline. CXR negative. Admitted to medical floor.  
Hospitalized: Managed with hydromorphone → Oxycontin, maintenance fluids, incentive spirometry. Voxelotor discontinued. Day 2: Bicytopenia (anemia, thrombocytopenia), worsening hemolysis, hyperkalemia, worsening renal function. Hypoxia (SpO₂ 70% on room air) → Venturi mask oxygen. Suspected TTP (LDH 2646 U/L, >4 schistocytes/HPF, PLASMIC score 4). Transferred to MICU. Placed double-lumen SCVC. Received TPE, RBC transfusion, high-dose IV methylprednisolone. ADAMTS13 activity 64.9% (ref >66.8%).  
Response: Platelets, creatinine, LDH improved/stabilized after 2 days TPE. Discharged home. Home Voxelotor restarted at lower dose."
PMC10253251_01,Acute Sickle Cell Pain Episode|Acute Chest Syndrome (ACS)|Chronic Kidney Disease (CKD)|Avascular Necrosis of Joints (AVN)|Arrhythmia|Deep Vein Thrombosis (DVT)|Systemic Arterial Hypertension|Fever|Pulmonary Embolism (PE)|Pulmonary Hypertension,"A 58-year-old male with a history of sickle cell disease (SCD), avascular necrosis of the humerus and femur, pulmonary hypertension with right heart failure, chronic kidney disease, paroxysmal atrial fibrillation, and deep vein thrombosis/pulmonary embolism presented to an outside hospital with symptoms of chest pain and shortness of breath and was diagnosed with a sickle cell pain crisis.
Chest X-ray demonstrated prominence of the pulmonary interstitium, likely due to congestion/mild edema. Electrocardiogram revealed sinus tachycardia with no ST segment changes. He was started on doxycycline, vancomycin, and cefepime and admitted for further management. Hemoglobin (Hgb) down trended to 5.8 g/dl, and he was transfused with three units of pRBCs. His pain remained uncontrolled, requiring morphine via patient-controlled analgesia. He subsequently became diaphoretic, tachycardic, and tachypneic. His respiratory status declined, and his oxygen requirements increased to 15 l. He was intubated and transferred to a university hospital intensive care unit, where hematologists diagnosed acute chest syndrome, as he developed fever and chest pain. A chest X-ray showed bilateral patchy consolidations.
Four days later, the patient developed episodes of supraventricular tachycardia and atrial fibrillation with rapid ventricular responses (rates > 160) accompanied by hypotension. The patient was administered intravenous amiodarone with continued intravenous heparin. After intravenous administration of 150 mg of amiodarone, a drip was started at 1 mg/minute. He was later transitioned to oral dosing at 400 mg twice a day to achieve a total 10-gram load followed by maintenance dosing at 200 mg per day.
Four days following the initiation of amiodarone, the patient's hemoglobin count increased from 6.4 g/dl to 9.4 g/dl, and his hematocrit level increased from 19.3% to 28.5%, even though he only received one unit of additional blood during that time period (Fig. 1 and Fig. 2). This improvement in anemia was associated with marked improvement in symptoms, and the patient was discharged two days later.
Following discharge, the patient continued to do clinically well and was maintained on amiodarone therapy for over three months. After a follow-up appointment with an electrophysiologist, the decision was made to discontinue amiodarone due to concerns over potential long-term side effects. Plans were made for an ablation procedure.","58-year-old male with sickle cell disease (SCD), avascular necrosis (humeral/femoral), pulmonary hypertension with right heart failure, chronic kidney disease, paroxysmal atrial fibrillation, and deep vein thrombosis/pulmonary embolism history presented with chest pain and shortness of breath, diagnosed with sickle cell pain crisis. Chest X-ray showed pulmonary interstitial prominence (congestion/mild edema). Electrocardiogram revealed sinus tachycardia. Hemoglobin decreased to 5.8 g/dL, requiring three packed red blood cell (pRBC) transfusions. Pain uncontrolled with morphine patient-controlled analgesia. Subsequent deterioration: diaphoresis, tachycardia, tachypnea, increased oxygen requirement to 15 L/min, intubated, transferred to ICU. Diagnosed with acute chest syndrome (fever, chest pain, bilateral patchy consolidations on chest X-ray). Developed supraventricular tachycardia/atrial fibrillation with rapid ventricular response (>160 bpm) and hypotension; treated with intravenous amiodarone (150 mg bolus, then 1 mg/min drip), later transitioned to oral amiodarone (400 mg twice daily for 10-gram load, then 200 mg daily). Hemoglobin improved from 6.4 g/dL to 9.4 g/dL (hematocrit 19.3% to 28.5%) over four days with one additional pRBC unit, correlating with symptom improvement. Discharged two days after improvement. Continued amiodarone for three months, then discontinued due to long-term side effect concerns; planned ablation."
PMC10332925_01,Acute Sickle Cell Pain Episode|Stroke (hemorrhagic or ischemic)|Acute Chest Syndrome (ACS)|Systemic Arterial Hypertension,"A 27-year-old woman with sickle cell disease (HbSC genotype) and a history of migraine presented to our hospital with complaints of intractable headaches. She was diagnosed by our neurologist as having status migrainosus, and the neurologist proceeded to rule out other causes of her headache. Approximately 12 days before her current hospitalization, she received a Pfizer COVID-19 vaccine, following which she developed headaches, chills, shortness of breath, and left arm swelling (at the site of her injection). Except for her headache, the other symptoms had subsided by the time she was evaluated. Subarachnoid hemorrhage (SAH) was ruled out by lumbar puncture (LP), although she was noted to have an elevated CSF opening pressure of 31 cm. Magnetic resonance imaging (MRI) of the brain performed on day 2 revealed small focal areas of increased T2 signals in bilateral frontal and parietal subcortical and deep white matter, consistent with migraine. Magnetic resonance angiography (MRA) was negative for intracranial aneurysms or stenosis. Magnetic resonance venography (MRV) was negative for cerebral venous sinus thrombosis. The patient was tried on various treatments, including prednisone (60 mg x 5 days), valproate, amitriptyline, and topiramate unsuccessfully for status migrainosus; acetazolamide for suspected idiopathic intracranial hypertension was administered.
The patient developed acute pain in the neck and shoulders the day following steroid administration, consistent with a sickle vaso-occlusive crisis. The MRI scan of the cervical spine performed subsequently was negative for cervical spondylosis. On day 5, the patient received a sphenopalatine block for her intractable headache, which did not help. Hematology consultation was obtained on day 6 for the sickle vaso-occlusive crisis, which recommended optimizing her pain regimen with ketorolac (dose increased from 15 to 30 mg every 8 hours intravenously), and prednisone was recommended to be discontinued as it was considered a possible causative factor for a sickle cell crisis. Transfusions were not indicated at this time for her uncomplicated pain crisis. On day 7, her pain crisis continued to progress to multiple locations with poor pain control. She was also noted to be tachypneic with a respiratory rate of 30 and subsequently developed type 1 acute hypoxic respiratory failure and was transferred to the intensive care unit (ICU).
Laboratory parameters revealed a drop in hemoglobin from 11.8 g/dL to 6.6 g/dL, and the platelet count dropped from 238 K/uL to 35 K/uL over a period of 4 days. Hemolytic indicators decreased from 84 mg/dl to <10 mg/dl, and the LDH level increased from 172 U/L to >1800 U/L, while bilirubin elevation (from 0.8 mg/dL to 1.4 mg/dL) did not commensurate with the elevation of LDH. Other salient laboratory abnormalities were elevated levels of aspartate transaminase (AST) (from 9 U/L to a peak of 118 U/L), alkaline phosphatase (ALP) (from 64 U/L to a peak of 288 U/L), and ammonia levels which rose to 46 mmol/L. After these laboratory derangements were noted, amitriptyline and valproate were discontinued which correlated with a partial improvement in liver function enzymes (AST decreased to 41 U/L and ALP to 87 U/L). Prothrombin time (PT) was elevated starting on day 10 (at 18.8 seconds) suggesting multiorgan dysfunction. The ammonia elevation to 46 mmol/L was mild and did not explain the patient's altered mentation. Computed tomography (CT) without contrast was performed on suspicion of stroke which showed a subtle small focus of hypoattenuation in the right corona radiata extending into the basal ganglia, not definitively seen on the prior CT or MRI scan performed one week before. MRI of the brain showed interval development of innumerable numbers of small foci of low signal intensities throughout the cerebral hemispheres, brainstem, and cerebellum most consistent with microhemorrhages, and these were not present in prior MRI performed on day two. These findings suggested that the patient's hypoxic respiratory failure and subsequent acute chest syndrome were likely secondary to FES. The patient received an RBCx with 5 units of packed red cells on day 15, and an HbA level of 74% was achieved. Following RBCx, the hemolytic parameters started improving. The patient's mentation improved, she was noted to be alert and oriented to time, place, and person, and she was subsequently discharged home. The patient had residual mental neuropathy in the form of numb chin syndrome on subsequent clinic follow-up.","27-year-old woman with HbSC sickle cell disease and migraine history presented with intractable headaches. Symptoms began 12 days post-Pfizer COVID-19 vaccination (headaches, chills, SOB, left arm swelling; other symptoms resolved except headache). Neurology ruled out SAH via LP (elevated CSF opening pressure 31 cm); MRI brain showed bilateral frontal/parietal subcortical T2 hyperintensities consistent with migraine; MRA/MRV negative. Status migrainosus treated unsuccessfully with prednisone (60 mg x 5 days), valproate, amitriptyline, topiramate, acetazolamide. On day 3, developed neck/shoulder pain (vaso-occlusive crisis) after prednisone; cervical spine MRI negative. Day 5: sphenopalatine block ineffective. Day 6: hematology recommended ketorolac (30 mg IV q8h) and prednisone discontinuation; transfusions not indicated for uncomplicated pain crisis. Day 7: pain progressed, tachypnea (RR 30), acute hypoxic respiratory failure (type 1), transferred to ICU. Lab: Hb 11.8→6.6 g/dL, platelets 238 K/uL→35 K/uL over 4 days, LDH 172→>1800 U/L, AST 9→118 U/L, ALP 64→288 U/L, bilirubin 0.8→1.4 mg/dL, ammonia 46 mmol/L (mild, not explaining altered mentation). Amitriptyline/valproate discontinued; AST/ALP improved (AST 41 U/L, ALP 87 U/L). Day 10: PT elevated (18.8 sec). CT brain showed subtle right corona radiata/basal ganglia hypoattenuation; MRI brain revealed interval microhemorrhages (innumerable small foci of low signal intensity) consistent with fat embolism syndrome (FES) as cause of respiratory failure/ACS. Day 15: received 5 units packed RBCs; HbA 74%. Hemolytic parameters improved. Mentation improved (alert and oriented to time, place, person). Discharged home. Residual numb chin syndrome noted on follow-up."