run_id,uid,selection,outcome,outcome_name,model_said_present,truly_absent,reviewer_note,look_for,title,note_text,extracted_features,rule_reason
20260901T002248-e3a484ed,5793438-1,seeded:48,36,Fever,True,,,"""temperature"" (num, in degC) - Highest documented body temperature.",Posterior reversible encephalopathy syndrome secondary to asymptomatic poststreptococcal glomerulonephritis in a child with sickle cell anemia: a case report,"A 9-year-old Saudi girl was presented to our hospital with a fever of 38.5 °C, cough, and shortness of breath. Her oxygen saturation was 88% on room air; her blood pressure was normal for her age (110/75 mmHg); and she had no tachycardia (80 beats/minute). She had had abdominal pain for 2 days that was not responding to analgesics. She had been diagnosed with SCA at the age of 2 years. Both her parents are consanguineous and have the sickle cell trait, whereas all her siblings are sickle cell-negative on the basis of routine screening. The patient had no history of hypertension, diabetes, or other conditions of medical concern; no history of previous surgeries; and no history of drug allergies. Her developmental history was compatible with her age, and her vaccinations were up-to-date. She was followed regularly at our pediatric hematology clinic and receiving regular hydroxyurea and folic acid supplements.
On examination, the patient had no organomegaly; her ear, nose, and throat examination was unremarkable; and her initial neurologic examination was unremarkable with normal motor power, sensations, and reflexes. Subsequently, she was admitted to the hospital and diagnosed with acute chest syndrome on the basis of her clinical manifestations and bilateral lung infiltrates seen on chest x-rays. Her concomitant abdominal pain was attributed to vaso-occlusive crisis. She was started on full supportive care, including antibiotics, analgesics, intravenous fluids, and oxygen supplementation, and she was given packed red blood cells once with minimal improvement. She underwent exchange transfusion because of progressive respiratory distress and increased oxygen requirement.
During her stay at the pediatric intensive care unit and after 5 days of exchange transfusion, the patient’s respiratory distress and radiologic evidence of acute chest syndrome resolved; however, she developed systemic hypertension and was started on antihypertensive medications with slight improvement. Echocardiography showed mild mitral regurgitation with dilation of the left ventricle, and Doppler ultrasound showed patent hepatic and renal vasculature. The results of her blood workup were within normal ranges, apart from creatinine, which was slightly elevated (Table ).
Four days later, the child had marked elevation of her blood pressure that was followed by seizures and sudden loss of vision. On examination, she was drowsy, had a Glasgow Coma Scale score of 10 on a scale of 15, and was responding to verbal stimuli. Her neurologic examination showed squinting of the right eye to the right side, and her pupils were equal and reactive to light. She was unable to recognize any objects. She had no signs of meningeal irritation, and results of her motor and sensory examinations were normal. Examination of her chest revealed that it was clear, and her liver was palpable 4 cm below the costal margin. Review of her other systems was unremarkable.
Urgent magnetic resonance imaging (MRI) of the patient’s brain (Fig. ) showed an ill-defined, nonenhanced area of abnormal hyperintense signaling on fluid-attenuated inversion recovery (FLAIR) T2-weighted (T2W) images and isointensity on T1-weighted (T1W) images with restricted diffusion. A low apparent diffusion coefficient value was seen involving the cortex of the right occipitoparietal lobe and a tiny area of the same signal intensity within the right thalamic region suggestive of recent infarctions. The imaging studies also showed multiple ill-defined, nonenhanced patches of abnormal hyperintense signaling on FLAIR images, as well as isointense signaling on T1W images with no restriction of diffusion seen involving the cortex of the occipitoparietal region bilaterally, suggesting posterior reversible hypertensive encephalopathy. The patient’s electroencephalogram was reported as normal. She was kept on full supportive measures, including antihypertensive and antiepileptic medications as well as antibiotics, in addition to intravenous fluids to improve renal function.
Further investigations were done to rule out a renal cause of hypertension. This included measurement of renin and aldosterone levels, which were normal. Her anti-streptolysin O titer was high at 490 IU/ml (normal range 0–200 IU/ml), and her C3 level was significantly low at 0.22 g/L (normal range 0.9–1.8 g/L). Urine analysis revealed 25–50 red blood cells (Table ).
The child started to improve gradually over a 1-week period with full restoration of vision and adequate seizure control. Her general condition improved markedly, with an unremarkable systemic examination just within 10 days of her abrupt clinical deterioration.
Our impression was that our patient had PRES secondary to postinfectious glomerulonephritis. Recent brain infarctions can follow a severe attack of acute chest syndrome and vaso-occlusive crisis. Our patient is currently on a regular blood transfusion program as a secondary prevention of stroke. Brain MRI was repeated 2 months after presentation, and it showed that the previously mentioned scattered high T2W and high FLAIR signal intensity of the cortex and subcortical white matter with restricted diffusion were almost completely resolved. The results of repeat anti-streptolysin O titer, C3 level, and urine analysis were completely normal. Our patient is currently in good condition with no neurologic manifestations, and she attends regular monthly follow-up visits at our hematology clinic.","{""temperature"": 38.5}",
20260901T002248-e3a484ed,5152782-1,seeded:36,36,Fever,True,,,"""temperature"" (num, in degC) - Highest documented body temperature.",Acute Pancreatitis Following Endoscopic Ampullary Biopsies without Attempted Cannulation of the Ampulla of Vater,"A 51-year-old man underwent two gastroscopies over the prior 2 years with the indication of intermittent dyspepsia. On the last endoscopy, the ampulla of Vater was described as bulging; biopsies were performed and histological examinations revealed mild chronic, nonspecific, inflammatory mucosal lesions of the ampulla and duodenum, with regional architectural disturbances, epithelial hyperplasia, accompanying mild nuclear stratification, and atypia, not fulfilling the diagnostic criteria for epithelial dysplasia.
The patient was referred to our clinic with persistent, intermittent epigastric discomfort and pain, and we therefore scheduled a repeat examination in order to exclude an ampullary tumor. The patient was on acenocoumarol since an episode of pulmonary embolism 2 years prior. The extensive work-up after this episode did not reveal any aggravating factors for the embolism. In view of the results of the endoscopy, we advised the patient to discontinue acenocoumarol and changed to low molecular weight heparin (enoxaparin 40 mg/day).
The patient was heterozygous for sickle cell disease (hemoglobin electrophoresis: HbS, 29.5%; HbF, 0.6%; HbA2, 3.6%). The hemoglobin level before the procedure was 14.2 g/dL. He reported infrequent alcohol intake and smoking cessation 4 years prior. A side-viewing scope (Olympus TJF-145 Video Duodenoscope; Olympus, Tokyo, Japan) was used with the patient under conscious sedation (midazolam 2 mg, propofol 60 mg). The ampulla of Vater was examined and showed mild granularity (). Eight biopsies were obtained from the area around the ampulla with a reusable oval-cup forceps (Olympus FB-26N-1; Olympus). No excessive bleeding was observed during endoscopy. No arrhythmia was recorded during the procedure. Recovery was uneventful and the patient went home accompanied by another person. He had a light meal 2 hours after the procedure (cheese pie).
One hour after the meal, the patient experienced an acute, severe (eight out of 10), persistent abdominal pain with recurrent, unrelieved vomiting. He contacted his family doctor but refused hospital admission and was monitored on an outpatient basis. On the second day, the patient reported less vomiting, but the pain was still intense and he additionally became febrile to 38.5°C. He was advised to stop solid food intake and only take regular oral hydration.
On day 3, the symptoms improved with no vomiting, milder abdominal pain, and a temperature less than 37.8°C. Blood and urine tests were performed on the same day. Serum and urine amylase levels were 845 U/L (normal <100) and 8,500 U/L (normal <460), respectively. Lipase testing was not available in our unit. Kidney and liver tests showed normal results except for a slight elevation of the alanine aminotransferase level. Blood triglyceride level was 110 mg/dL (normal <150) and the calcium level was 9.2 mg/dL (normal 8.5 to 10.2).
Abdominal ultrasound did not reveal cholelithiasis or other pathology. On day 5, the symptoms completely resolved. A second abdominal ultrasound was unremarkable, while contrast-enhanced abdominal computed tomography (CT) revealed mild enlargement of the pancreatic head and stranding of the surrounding retroperitoneal fat (). Since then, the patient has returned to his usual activities.
Eight tissue samples, with an approximate diameter of 1 to 3 mm each, were analyzed. Histological examinations revealed mild inflammatory mucosal lesions of the ampulla and duodenum, with regional gastric metaplasia, regional epithelial hyperplasia, and mild nuclear stratification, which did not meet the diagnostic criteria for epithelial dysplasia.","{""temperature"": 38.5}",
20260901T002248-e3a484ed,9054428-1,holdout,36,Fever,True,,,"""temperature"" (num, in degC) - Highest documented body temperature.",Vaso-Occlusive Pain Management in a Patient With Sickle Cell Disease Associated With Moyamoya Syndrome,"A 50-year-old female with a medical history of sickle cell disease, seropositive rheumatoid arthritis, and MMS complicated by multiple strokes with residual right-sided weakness, cognitive impairment, and seizures presented to our emergency department with severe pain in her chest, lower back, and bilateral legs, more intense than her typical acute vaso-occlusive pain episodes. The patient’s mother reported that home doses of combination oxycodone and acetaminophen did not relieve her pain. Initial vitals were notable for a temperature of 36.4°C, blood pressure of 92/44 mmHg, pulse of 98 beats per minute, and oxygen saturation in the 70s. Labs were significant for hemoglobin of 3.3 g/dL (baseline 5 g/dL), lactate dehydrogenase 667 U/L, and reticulocyte 15%. On further evaluation and workup, the patient was also found to have a urinary tract infection (UTI). She was then admitted to our general medicine floor for management of her vaso-occlusive crisis secondary to UTI.
According to the patient’s mother, her primary caregiver, she was diagnosed with sickle cell disease at age three. She had her first stroke at eight years of age, was diagnosed with MMS at ten years, and subsequently had multiple strokes. The patient’s home pain regimen included oxycodone/acetaminophen 5-325 mg taken as needed for pain. Other home medications included aspirin, hydroxychloroquine, levetiracetam, and topiramate.
During the hospital course, the patient was initially started on hydromorphone 0.5 mg intravenously every four hours as needed for pain. Given the patient was opiate-naïve, she developed multiple episodes of hypotension and bradycardia with systolic blood pressure (SBP) of 54-105 mmHg, diastolic blood pressure (DBP) of 34-74 mmHg, and heart rate of 48-98 beats per minute. To avoid further hypotension, bradycardia, and respiratory depression, hydromorphone was discontinued, and the pain regimen was adjusted to oxycodone-acetaminophen 5-325 mg every six hours. Vitals returned to the baseline range after adjustment of medication, SBP ranged between 107 and 118 mmHg, DBP ranged between 61 and 71 mmHg, heart rate ranged between 61 and 71 bpm, and the pain was controlled. Other considerations included avoiding lidocaine transdermal patches because even minimal lidocaine absorption into the circulation could be hemodynamically detrimental in the patient. Baclofen was also added to address musculoskeletal pain.
In addition to pain management, the patient was given gentle intravenous fluid hydration and a total of three units of packed red blood cells with improvement of blood pressure and hemoglobin levels to 6.6 g/dL at baseline on discharge. Her UTI was also treated with antibiotics. The patient remained hemodynamically stable on the adjusted pain regimen without signs of acute stroke throughout her hospital course. Computed tomography scans of the head without contrast are shown in Figures , .","{""temperature"": 36.4}",
